y_true	y_pred
ripiega	ripiega
gesù	favolose
applausi	applausi
gesù	gesù
applausi	applausi
rock	rock
gesù	gesù
gesù	gesù
applausi	applausi
applausi	applausi
ripiega	ripiega
favolose	favolose
rock	rock
ripiega	ripiega
applausi	applausi
rock	rock
applausi	applausi
favolose	ripiega
abbracciamo	ripiega
applausi	applausi
rock	rock
applausi	capirla
applausi	applausi
favolose	favolose
applausi	applausi
gesù	gesù
ripiega	ripiega
applausi	applausi
rock	rock
applausi	rock
applausi	applausi
rock	rock
capirla	applausi
abbracciamo	ripiega
ripiega	applausi
(+)	(+)
rock	rock
favolose	favolose
applausi	applausi
rock	rock
tandem....	gesù
applausi	applausi
ripiega	ripiega
capirla	ripiega
chissà,	applausi
rock	rock
rock	rock
rock	rock
applausi	applausi
(+)	(+)
applausi	applausi
applausi	applausi
applausi	applausi
rock	applausi
applausi	applausi
favolose	favolose
ripiega	ripiega
applausi	rock
rock	rock
favolose	rock
rock	ripiega
applausi	applausi
applausi	applausi
chissà,	rock
favolose	favolose
abbracciamo	ripiega
rock	rock
gesù	gesù
rock	rock
ripiega	ripiega
rock	applausi
rock	rock
rock	rock
applausi	applausi
ripiega	ripiega
tandem....	rock
(+)	(+)
applausi	applausi
ripiega	applausi
favolose	favolose
applausi	applausi
ripiega	ripiega
chissà,	rock
ripiega	applausi
rock	rock
favolose	favolose
applausi	applausi
favolose	favolose
applausi	rock
applausi	applausi
rock	rock
applausi	applausi
applausi	rock
rock	rock
ripiega	ripiega
(+)	(+)
gesù	gesù
rock	rock
rock	rock
abbracciamo	ripiega
rock	rock
rock	rock
favolose	favolose
applausi	applausi
rock	rock
applausi	applausi
ripiega	favolose
ripiega	ripiega
applausi	applausi
favolose	applausi
applausi	applausi
ripiega	ripiega
applausi	applausi
ripiega	ripiega
gesù	gesù
applausi	applausi
(+)	(+)
ripiega	ripiega
tandem....	tandem....
rock	rock
rock	rock
ripiega	ripiega
gesù	gesù
applausi	applausi
gesù	gesù
(+)	(+)
chissà,	ripiega
gesù	ripiega
applausi	applausi
chissà,	rock
applausi	applausi
applausi	applausi
applausi	applausi
favolose	favolose
applausi	applausi
rock	rock
(+)	applausi
gesù	gesù
applausi	ripiega
ripiega	rock
(+)	(+)
ripiega	ripiega
gesù	rock
applausi	applausi
applausi	applausi
ripiega	ripiega
ripiega	ripiega
applausi	applausi
(+)	(+)
tandem....	tandem....
(+)	(+)
(+)	applausi
applausi	applausi
(+)	(+)
abbracciamo	applausi
gesù	gesù
capirla	capirla
ripiega	ripiega
ripiega	ripiega
ripiega	gesù
ripiega	applausi
abbracciamo	applausi
applausi	favolose
favolose	applausi
applausi	ripiega
rock	rock
chissà,	applausi
rock	rock
rock	rock
applausi	rock
ripiega	ripiega
applausi	applausi
rock	applausi
applausi	applausi
chissà,	chissà,
applausi	applausi
applausi	capirla
ripiega	abbracciamo
applausi	applausi
(+)	(+)
applausi	favolose
rock	ripiega
gesù	gesù
rock	ripiega
rock	rock
rock	applausi
tandem....	tandem....
(+)	(+)
favolose	favolose
ripiega	ripiega
gesù	gesù
applausi	(+)
ripiega	ripiega
applausi	applausi
applausi	applausi
gesù	gesù
applausi	applausi
favolose	favolose
favolose	favolose
rock	rock
rock	rock
ripiega	ripiega
gesù	gesù
ripiega	applausi
rock	rock
ripiega	ripiega
favolose	favolose
applausi	applausi
applausi	applausi
(+)	rock
rock	applausi
capirla	capirla
gesù	applausi
favolose	(+)
rock	rock
favolose	favolose
rock	rock
rock	rock
chissà,	chissà,
ripiega	rock
ripiega	ripiega
rock	rock
applausi	applausi
tandem....	capirla
ripiega	rock
favolose	favolose
chissà,	rock
rock	rock
rock	rock
favolose	favolose
ripiega	ripiega
applausi	applausi
applausi	applausi
applausi	applausi
(+)	rock
applausi	applausi
applausi	ripiega
rock	rock
ripiega	ripiega
abbracciamo	ripiega
applausi	applausi
rock	ripiega
favolose	favolose
applausi	applausi
favolose	ripiega
rock	rock
applausi	rock
gesù	rock
(+)	(+)
applausi	applausi
ripiega	ripiega
applausi	applausi
abbracciamo	ripiega
rock	rock
chissà,	chissà,
rock	rock
rock	rock
rock	rock
(+)	(+)
favolose	favolose
ripiega	ripiega
applausi	applausi
chissà,	ripiega
applausi	(+)
applausi	applausi
(+)	ripiega
ripiega	applausi
rock	rock
applausi	rock
rock	rock
applausi	ripiega
favolose	favolose
ripiega	ripiega
favolose	favolose
gesù	ripiega
ripiega	ripiega
rock	rock
gesù	ripiega
favolose	favolose
applausi	applausi
chissà,	rock
ripiega	ripiega
rock	rock
ripiega	ripiega
applausi	applausi
applausi	applausi
applausi	applausi
applausi	applausi
favolose	favolose
ripiega	ripiega
rock	rock
applausi	applausi
ripiega	rock
tandem....	ripiega
(+)	applausi
(+)	(+)
ripiega	applausi
rock	rock
applausi	rock
gesù	rock
(+)	(+)
ripiega	ripiega
rock	rock
gesù	ripiega
favolose	favolose
applausi	applausi
chissà,	rock
favolose	applausi
applausi	applausi
rock	rock
ripiega	ripiega
tandem....	ripiega
rock	rock
capirla	(+)
applausi	applausi
applausi	applausi
gesù	applausi
favolose	favolose
rock	rock
rock	rock
ripiega	gesù
applausi	applausi
rock	chissà,
chissà,	applausi
rock	rock
rock	rock
ripiega	ripiega
favolose	favolose
ripiega	ripiega
favolose	favolose
applausi	ripiega
rock	rock
applausi	applausi
rock	ripiega
rock	rock
(+)	(+)
rock	rock
applausi	ripiega
favolose	ripiega
ripiega	ripiega
rock	rock
applausi	rock
applausi	applausi
gesù	gesù
applausi	applausi
applausi	applausi
ripiega	applausi
(+)	(+)
ripiega	tandem....
(+)	(+)
rock	rock
ripiega	ripiega
applausi	applausi
favolose	favolose
ripiega	ripiega
rock	rock
ripiega	ripiega
favolose	applausi
rock	applausi
ripiega	ripiega
rock	rock
gesù	gesù
rock	rock
abbracciamo	rock
rock	applausi
applausi	tandem....
rock	rock
(+)	rock
applausi	applausi
rock	rock
chissà,	applausi
ripiega	ripiega
gesù	ripiega
gesù	tandem....
gesù	gesù
applausi	applausi
applausi	applausi
applausi	applausi
ripiega	ripiega
ripiega	ripiega
applausi	applausi
ripiega	ripiega
abbracciamo	ripiega
(+)	(+)
favolose	rock
gesù	gesù
favolose	rock
rock	rock
chissà,	chissà,
abbracciamo	abbracciamo
capirla	favolose
applausi	applausi
applausi	applausi
applausi	applausi
(+)	(+)
gesù	ripiega
ripiega	ripiega
gesù	ripiega
rock	rock
ripiega	applausi
ripiega	ripiega
abbracciamo	ripiega
gesù	gesù
gesù	gesù
applausi	applausi
rock	rock
applausi	gesù
ripiega	ripiega
rock	rock
rock	rock
ripiega	ripiega
rock	rock
rock	rock
rock	rock
applausi	ripiega
gesù	ripiega
(+)	rock
ripiega	ripiega
rock	rock
applausi	gesù
favolose	favolose
gesù	ripiega
abbracciamo	ripiega
applausi	applausi
applausi	applausi
rock	rock
rock	rock
rock	applausi
capirla	ripiega
rock	gesù
gesù	gesù
ripiega	ripiega
ripiega	ripiega
applausi	favolose
tandem....	tandem....
favolose	favolose
applausi	applausi
ripiega	ripiega
rock	rock
ripiega	ripiega
applausi	applausi
ripiega	ripiega
applausi	(+)
rock	rock
chissà,	applausi
ripiega	rock
ripiega	ripiega
rock	rock
rock	rock
ripiega	ripiega
rock	rock
applausi	rock
rock	rock
(+)	(+)
rock	applausi
favolose	favolose
ripiega	ripiega
capirla	capirla
ripiega	ripiega
applausi	applausi
(+)	(+)
ripiega	ripiega
rock	rock
favolose	rock
ripiega	ripiega
rock	ripiega
ripiega	ripiega
(+)	applausi
applausi	applausi
ripiega	ripiega
ripiega	rock
(+)	(+)
rock	rock
favolose	favolose
abbracciamo	ripiega
applausi	favolose
rock	ripiega
chissà,	ripiega
applausi	applausi
rock	rock
applausi	applausi
applausi	applausi
ripiega	ripiega
ripiega	ripiega
ripiega	ripiega
applausi	rock
ripiega	gesù
applausi	rock
applausi	applausi
applausi	applausi
(+)	(+)
favolose	(+)
applausi	applausi
ripiega	ripiega
rock	rock
ripiega	ripiega
abbracciamo	ripiega
gesù	applausi
tandem....	tandem....
rock	rock
applausi	rock
rock	rock
rock	rock
gesù	applausi
favolose	applausi
gesù	ripiega
applausi	applausi
gesù	gesù
ripiega	applausi
rock	rock
capirla	capirla
(+)	(+)
ripiega	ripiega
applausi	applausi
favolose	applausi
favolose	favolose
applausi	applausi
(+)	(+)
(+)	(+)
ripiega	ripiega
favolose	favolose
rock	rock
rock	rock
gesù	gesù
rock	chissà,
gesù	gesù
tandem....	tandem....
gesù	gesù
rock	rock
ripiega	ripiega
applausi	applausi
tandem....	tandem....
(+)	applausi
applausi	applausi
applausi	applausi
ripiega	ripiega
rock	rock
applausi	applausi
chissà,	rock
favolose	favolose
applausi	applausi
applausi	applausi
abbracciamo	gesù
gesù	gesù
rock	rock
applausi	applausi
(+)	applausi
ripiega	ripiega
gesù	applausi
applausi	applausi
favolose	favolose
ripiega	rock
rock	rock
ripiega	ripiega
applausi	applausi
applausi	applausi
(+)	(+)
applausi	applausi
applausi	rock
ripiega	ripiega
applausi	applausi
applausi	applausi
rock	rock
ripiega	ripiega
rock	rock
favolose	favolose
rock	rock
favolose	favolose
rock	rock
ripiega	ripiega
applausi	applausi
rock	rock
rock	applausi
rock	capirla
applausi	applausi
rock	rock
applausi	applausi
(+)	rock
ripiega	ripiega
rock	rock
rock	rock
chissà,	chissà,
ripiega	applausi
ripiega	ripiega
rock	rock
ripiega	applausi
(+)	(+)
gesù	rock
applausi	applausi
tandem....	applausi
applausi	applausi
rock	rock
applausi	applausi
applausi	rock
rock	rock
applausi	rock
ripiega	ripiega
rock	rock
rock	rock
gesù	favolose
favolose	favolose
ripiega	(+)
ripiega	rock
applausi	applausi
applausi	applausi
rock	rock
(+)	favolose
(+)	(+)
gesù	ripiega
applausi	applausi
favolose	ripiega
applausi	ripiega
favolose	applausi
capirla	capirla
rock	rock
applausi	applausi
ripiega	ripiega
applausi	ripiega
abbracciamo	ripiega
rock	rock
ripiega	ripiega
rock	applausi
gesù	gesù
rock	rock
ripiega	favolose
applausi	rock
applausi	applausi
rock	rock
applausi	ripiega
applausi	applausi
rock	ripiega
rock	rock
(+)	(+)
ripiega	applausi
applausi	applausi
ripiega	gesù
favolose	favolose
rock	applausi
applausi	rock
applausi	rock
(+)	(+)
(+)	rock
ripiega	ripiega
ripiega	favolose
applausi	applausi
applausi	applausi
applausi	applausi
gesù	rock
chissà,	favolose
rock	rock
favolose	favolose
applausi	applausi
ripiega	ripiega
rock	rock
applausi	applausi
applausi	applausi
ripiega	ripiega
applausi	gesù
capirla	capirla
rock	rock
ripiega	ripiega
rock	rock
ripiega	ripiega
applausi	favolose
capirla	capirla
applausi	applausi
capirla	applausi
ripiega	ripiega
applausi	(+)
rock	rock
capirla	capirla
(+)	(+)
rock	applausi
applausi	gesù
(+)	rock
tandem....	tandem....
applausi	applausi
applausi	applausi
ripiega	rock
(+)	(+)
gesù	gesù
applausi	applausi
gesù	gesù
applausi	applausi
applausi	applausi
abbracciamo	ripiega
applausi	applausi
rock	rock
ripiega	ripiega
applausi	rock
applausi	applausi
applausi	ripiega
ripiega	ripiega
(+)	capirla
rock	applausi
ripiega	favolose
rock	chissà,
applausi	applausi
ripiega	applausi
tandem....	tandem....
applausi	applausi
applausi	applausi
tandem....	tandem....
ripiega	ripiega
applausi	applausi
gesù	ripiega
applausi	ripiega
ripiega	ripiega
ripiega	ripiega
ripiega	applausi
tandem....	tandem....
ripiega	ripiega
(+)	(+)
rock	rock
tandem....	tandem....
rock	ripiega
gesù	gesù
rock	rock
chissà,	rock
rock	rock
favolose	gesù
(+)	(+)
rock	rock
ripiega	ripiega
rock	rock
gesù	rock
ripiega	(+)
applausi	applausi
rock	rock
(+)	(+)
favolose	favolose
rock	rock
ripiega	ripiega
capirla	gesù
ripiega	applausi
(+)	(+)
(+)	(+)
applausi	applausi
chissà,	(+)
abbracciamo	ripiega
gesù	ripiega
ripiega	rock
applausi	applausi
rock	rock
applausi	applausi
rock	rock
ripiega	ripiega
applausi	applausi
ripiega	(+)
applausi	applausi
applausi	applausi
(+)	(+)
ripiega	favolose
applausi	ripiega
favolose	favolose
rock	rock
gesù	capirla
rock	rock
chissà,	capirla
rock	rock
rock	rock
ripiega	ripiega
abbracciamo	gesù
ripiega	ripiega
applausi	ripiega
chissà,	capirla
ripiega	ripiega
rock	gesù
abbracciamo	ripiega
ripiega	ripiega
(+)	applausi
(+)	(+)
rock	rock
applausi	applausi
rock	rock
rock	rock
(+)	(+)
applausi	ripiega
rock	rock
applausi	applausi
ripiega	ripiega
abbracciamo	ripiega
rock	rock
rock	rock
applausi	applausi
favolose	favolose
(+)	(+)
rock	rock
applausi	applausi
applausi	ripiega
ripiega	ripiega
rock	capirla
rock	rock
ripiega	ripiega
ripiega	rock
gesù	ripiega
chissà,	gesù
favolose	favolose
rock	rock
applausi	rock
applausi	gesù
applausi	applausi
chissà,	rock
applausi	ripiega
rock	rock
applausi	applausi
applausi	applausi
applausi	applausi
rock	rock
chissà,	applausi
ripiega	ripiega
applausi	applausi
(+)	(+)
abbracciamo	ripiega
rock	rock
(+)	(+)
rock	favolose
(+)	(+)
capirla	capirla
applausi	applausi
gesù	gesù
rock	rock
ripiega	ripiega
applausi	tandem....
(+)	ripiega
applausi	applausi
favolose	favolose
applausi	ripiega
applausi	applausi
rock	rock
ripiega	ripiega
rock	rock
applausi	(+)
applausi	ripiega
ripiega	ripiega
rock	rock
applausi	applausi
applausi	applausi
applausi	applausi
applausi	applausi
applausi	applausi
favolose	applausi
applausi	tandem....
applausi	applausi
(+)	ripiega
rock	rock
ripiega	ripiega
applausi	applausi
ripiega	ripiega
applausi	applausi
gesù	gesù
applausi	applausi
rock	rock
rock	rock
ripiega	applausi
favolose	favolose
rock	favolose
chissà,	rock
ripiega	gesù
tandem....	tandem....
rock	rock
gesù	gesù
abbracciamo	ripiega
applausi	rock
applausi	applausi
capirla	(+)
favolose	favolose
tandem....	tandem....
rock	rock
(+)	(+)
capirla	gesù
(+)	favolose
favolose	ripiega
applausi	applausi
ripiega	ripiega
applausi	applausi
(+)	applausi
(+)	(+)
rock	rock
ripiega	rock
rock	rock
applausi	applausi
applausi	applausi
ripiega	ripiega
ripiega	ripiega
rock	rock
applausi	ripiega
(+)	(+)
applausi	applausi
rock	applausi
ripiega	ripiega
gesù	gesù
applausi	capirla
applausi	applausi
(+)	(+)
ripiega	ripiega
rock	rock
applausi	applausi
(+)	(+)
gesù	applausi
applausi	rock
applausi	applausi
(+)	(+)
applausi	applausi
applausi	applausi
rock	rock
ripiega	ripiega
applausi	applausi
favolose	rock
applausi	(+)
ripiega	ripiega
capirla	capirla
ripiega	applausi
applausi	rock
rock	gesù
ripiega	ripiega
ripiega	ripiega
favolose	rock
ripiega	ripiega
abbracciamo	ripiega
applausi	applausi
rock	rock
gesù	ripiega
applausi	applausi
rock	rock
gesù	ripiega
rock	rock
rock	rock
gesù	gesù
capirla	capirla
applausi	applausi
rock	rock
applausi	applausi
ripiega	ripiega
ripiega	ripiega
rock	ripiega
ripiega	ripiega
applausi	applausi
ripiega	ripiega
ripiega	ripiega
ripiega	ripiega
rock	rock
rock	gesù
applausi	rock
favolose	favolose
ripiega	rock
applausi	rock
ripiega	ripiega
(+)	(+)
applausi	applausi
ripiega	ripiega
ripiega	ripiega
(+)	(+)
applausi	applausi
applausi	applausi
applausi	applausi
rock	(+)
ripiega	ripiega
rock	rock
applausi	applausi
chissà,	chissà,
rock	rock
ripiega	applausi
ripiega	ripiega
(+)	applausi
gesù	gesù
rock	ripiega
ripiega	ripiega
applausi	applausi
rock	rock
rock	favolose
favolose	favolose
capirla	rock
applausi	applausi
applausi	rock
applausi	applausi
ripiega	ripiega
applausi	applausi
capirla	applausi
chissà,	chissà,
(+)	(+)
rock	rock
ripiega	ripiega
applausi	ripiega
applausi	applausi
ripiega	favolose
applausi	applausi
rock	rock
applausi	applausi
(+)	(+)
ripiega	ripiega
ripiega	ripiega
(+)	capirla
abbracciamo	gesù
applausi	applausi
favolose	favolose
ripiega	ripiega
rock	rock
gesù	gesù
applausi	applausi
(+)	ripiega
ripiega	gesù
applausi	applausi
rock	rock
gesù	gesù
rock	rock
applausi	applausi
rock	rock
capirla	capirla
rock	rock
applausi	applausi
ripiega	ripiega
ripiega	ripiega
applausi	rock
applausi	applausi
applausi	applausi
applausi	gesù
tandem....	tandem....
rock	rock
applausi	ripiega
applausi	rock
rock	applausi
abbracciamo	ripiega
gesù	favolose
(+)	(+)
rock	rock
rock	rock
applausi	applausi
(+)	(+)
applausi	ripiega
ripiega	ripiega
rock	rock
capirla	rock
applausi	applausi
rock	rock
favolose	favolose
abbracciamo	ripiega
rock	applausi
rock	rock
rock	rock
tandem....	tandem....
rock	rock
rock	rock
rock	rock
ripiega	ripiega
rock	ripiega
abbracciamo	ripiega
rock	applausi
(+)	(+)
applausi	applausi
applausi	rock
applausi	ripiega
gesù	favolose
applausi	applausi
favolose	gesù
applausi	rock
applausi	rock
applausi	favolose
rock	(+)
applausi	applausi
rock	rock
ripiega	rock
applausi	applausi
applausi	applausi
abbracciamo	ripiega
favolose	favolose
rock	rock
ripiega	ripiega
rock	rock
ripiega	ripiega
applausi	gesù
applausi	applausi
abbracciamo	ripiega
applausi	applausi
ripiega	ripiega
rock	gesù
favolose	favolose
rock	rock
gesù	applausi
applausi	applausi
(+)	(+)
ripiega	ripiega
rock	rock
ripiega	ripiega
(+)	applausi
tandem....	tandem....
gesù	ripiega
chissà,	chissà,
rock	(+)
favolose	applausi
tandem....	rock
ripiega	ripiega
rock	rock
rock	rock
(+)	(+)
ripiega	ripiega
applausi	rock
rock	rock
applausi	applausi
gesù	gesù
gesù	rock
gesù	ripiega
capirla	gesù
favolose	gesù
applausi	ripiega
gesù	favolose
ripiega	ripiega
abbracciamo	ripiega
applausi	applausi
applausi	applausi
gesù	gesù
favolose	favolose
rock	rock
ripiega	ripiega
chissà,	applausi
ripiega	ripiega
ripiega	ripiega
applausi	applausi
favolose	favolose
applausi	applausi
rock	rock
favolose	gesù
gesù	gesù
applausi	ripiega
gesù	gesù
applausi	applausi
abbracciamo	rock
gesù	rock
applausi	rock
rock	rock
ripiega	rock
tandem....	rock
rock	rock
rock	rock
(+)	ripiega
abbracciamo	gesù
applausi	applausi
applausi	applausi
rock	rock
applausi	applausi
(+)	(+)
rock	rock
applausi	applausi
gesù	gesù
tandem....	tandem....
favolose	favolose
applausi	ripiega
ripiega	ripiega
ripiega	applausi
rock	rock
gesù	gesù
(+)	rock
applausi	capirla
applausi	ripiega
applausi	applausi
tandem....	tandem....
(+)	rock
rock	ripiega
ripiega	gesù
(+)	(+)
ripiega	ripiega
favolose	gesù
(+)	applausi
(+)	applausi
ripiega	ripiega
abbracciamo	abbracciamo
gesù	ripiega
rock	rock
ripiega	ripiega
rock	rock
applausi	applausi
chissà,	ripiega
abbracciamo	abbracciamo
applausi	applausi
capirla	capirla
capirla	gesù
ripiega	rock
applausi	ripiega
favolose	favolose
chissà,	applausi
rock	rock
applausi	rock
applausi	applausi
applausi	applausi
rock	ripiega
ripiega	ripiega
tandem....	tandem....
rock	rock
tandem....	tandem....
rock	rock
abbracciamo	ripiega
favolose	favolose
rock	rock
applausi	applausi
applausi	applausi
applausi	applausi
capirla	capirla
applausi	applausi
rock	rock
ripiega	ripiega
applausi	applausi
ripiega	rock
favolose	favolose
rock	rock
rock	rock
ripiega	ripiega
rock	rock
gesù	gesù
applausi	applausi
gesù	favolose
ripiega	ripiega
abbracciamo	ripiega
applausi	applausi
rock	rock
applausi	applausi
rock	applausi
ripiega	rock
rock	rock
ripiega	ripiega
applausi	applausi
applausi	gesù
ripiega	applausi
applausi	rock
tandem....	capirla
applausi	favolose
gesù	favolose
applausi	applausi
applausi	applausi
applausi	applausi
ripiega	ripiega
rock	rock
rock	applausi
ripiega	ripiega
tandem....	ripiega
ripiega	ripiega
gesù	gesù
ripiega	ripiega
abbracciamo	ripiega
(+)	(+)
applausi	capirla
(+)	(+)
rock	rock
applausi	(+)
applausi	gesù
rock	rock
ripiega	ripiega
rock	rock
chissà,	rock
rock	rock
applausi	applausi
applausi	applausi
gesù	gesù
favolose	favolose
rock	capirla
rock	rock
rock	applausi
(+)	(+)
gesù	gesù
ripiega	ripiega
gesù	favolose
applausi	ripiega
applausi	applausi
applausi	applausi
rock	applausi
ripiega	ripiega
rock	capirla
applausi	favolose
rock	rock
favolose	gesù
rock	rock
(+)	(+)
favolose	favolose
rock	(+)
(+)	(+)
ripiega	ripiega
ripiega	ripiega
rock	rock
(+)	(+)
ripiega	ripiega
(+)	(+)
rock	rock
rock	rock
rock	rock
rock	rock
ripiega	gesù
(+)	(+)
favolose	ripiega
applausi	applausi
applausi	applausi
applausi	applausi
gesù	rock
applausi	(+)
applausi	(+)
abbracciamo	ripiega
gesù	gesù
ripiega	gesù
favolose	ripiega
applausi	applausi
rock	rock
applausi	applausi
applausi	favolose
ripiega	favolose
rock	gesù
applausi	applausi
rock	rock
applausi	applausi
applausi	applausi
(+)	(+)
applausi	favolose
ripiega	ripiega
(+)	(+)
rock	ripiega
favolose	rock
rock	rock
rock	rock
abbracciamo	ripiega
favolose	ripiega
applausi	rock
rock	ripiega
(+)	rock
ripiega	ripiega
rock	rock
chissà,	chissà,
applausi	applausi
rock	rock
rock	rock
favolose	favolose
rock	rock
applausi	applausi
applausi	applausi
rock	rock
rock	rock
applausi	abbracciamo
applausi	tandem....
rock	rock
chissà,	chissà,
favolose	favolose
gesù	ripiega
ripiega	ripiega
gesù	gesù
rock	rock
(+)	rock
applausi	rock
chissà,	rock
ripiega	rock
applausi	applausi
(+)	ripiega
ripiega	applausi
capirla	capirla
applausi	ripiega
ripiega	ripiega
ripiega	ripiega
(+)	applausi
rock	rock
abbracciamo	ripiega
ripiega	ripiega
(+)	applausi
tandem....	tandem....
rock	rock
ripiega	rock
rock	rock
ripiega	ripiega
(+)	(+)
favolose	ripiega
rock	rock
rock	rock
applausi	applausi
ripiega	ripiega
tandem....	tandem....
rock	rock
rock	rock
ripiega	rock
applausi	favolose
rock	rock
ripiega	ripiega
(+)	applausi
applausi	favolose
ripiega	ripiega
gesù	ripiega
ripiega	ripiega
ripiega	ripiega
ripiega	ripiega
ripiega	ripiega
applausi	(+)
favolose	favolose
rock	favolose
applausi	applausi
(+)	(+)
rock	applausi
gesù	rock
chissà,	chissà,
rock	rock
ripiega	rock
applausi	applausi
(+)	(+)
applausi	applausi
applausi	tandem....
rock	rock
ripiega	ripiega
rock	rock
(+)	(+)
applausi	applausi
rock	rock
applausi	applausi
favolose	favolose
ripiega	ripiega
rock	rock
ripiega	ripiega
favolose	favolose
favolose	ripiega
chissà,	favolose
(+)	rock
ripiega	ripiega
applausi	applausi
ripiega	rock
applausi	applausi
favolose	favolose
rock	rock
ripiega	rock
applausi	applausi
tandem....	applausi
rock	ripiega
applausi	ripiega
ripiega	ripiega
(+)	applausi
favolose	rock
rock	rock
favolose	favolose
applausi	applausi
capirla	favolose
ripiega	ripiega
rock	rock
capirla	capirla
gesù	gesù
chissà,	applausi
abbracciamo	applausi
ripiega	rock
applausi	rock
favolose	favolose
rock	applausi
gesù	ripiega
applausi	ripiega
ripiega	tandem....
ripiega	ripiega
rock	rock
applausi	applausi
ripiega	ripiega
gesù	applausi
applausi	favolose
ripiega	ripiega
(+)	applausi
(+)	(+)
rock	rock
applausi	applausi
rock	rock
(+)	favolose
rock	rock
rock	rock
applausi	applausi
ripiega	ripiega
applausi	ripiega
(+)	(+)
ripiega	ripiega
rock	rock
ripiega	ripiega
rock	ripiega
applausi	applausi
ripiega	ripiega
applausi	applausi
ripiega	ripiega
favolose	applausi
tandem....	tandem....
favolose	favolose
rock	favolose
applausi	applausi
chissà,	rock
gesù	gesù
gesù	gesù
applausi	applausi
applausi	applausi
applausi	(+)
abbracciamo	applausi
applausi	ripiega
ripiega	ripiega
(+)	favolose
applausi	applausi
rock	rock
rock	applausi
ripiega	ripiega
ripiega	ripiega
applausi	applausi
gesù	gesù
rock	rock
rock	tandem....
tandem....	tandem....
applausi	rock
applausi	applausi
rock	rock
ripiega	gesù
applausi	applausi
applausi	applausi
applausi	applausi
chissà,	favolose
applausi	applausi
capirla	capirla
applausi	applausi
tandem....	favolose
rock	rock
favolose	tandem....
applausi	(+)
favolose	favolose
ripiega	ripiega
applausi	applausi
applausi	applausi
ripiega	gesù
applausi	ripiega
abbracciamo	gesù
tandem....	tandem....
ripiega	ripiega
applausi	ripiega
applausi	applausi
ripiega	ripiega
applausi	ripiega
rock	rock
gesù	(+)
applausi	ripiega
rock	rock
rock	rock
chissà,	favolose
chissà,	rock
applausi	applausi
applausi	applausi
ripiega	ripiega
abbracciamo	rock
applausi	applausi
ripiega	ripiega
ripiega	ripiega
ripiega	capirla
chissà,	rock
applausi	applausi
(+)	(+)
applausi	applausi
favolose	favolose
tandem....	applausi
applausi	applausi
applausi	applausi
applausi	applausi
favolose	favolose
rock	rock
ripiega	ripiega
applausi	applausi
gesù	gesù
ripiega	ripiega
applausi	applausi
rock	rock
favolose	favolose
favolose	favolose
applausi	rock
favolose	favolose
applausi	applausi
tandem....	ripiega
(+)	gesù
tandem....	tandem....
chissà,	chissà,
capirla	capirla
ripiega	applausi
tandem....	(+)
favolose	favolose
(+)	applausi
ripiega	ripiega
tandem....	tandem....
applausi	applausi
applausi	applausi
ripiega	ripiega
capirla	gesù
favolose	favolose
ripiega	ripiega
applausi	applausi
applausi	rock
rock	rock
ripiega	ripiega
applausi	ripiega
applausi	applausi
rock	(+)
abbracciamo	ripiega
ripiega	rock
applausi	applausi
rock	rock
gesù	ripiega
applausi	chissà,
applausi	applausi
applausi	applausi
rock	rock
favolose	favolose
applausi	applausi
tandem....	ripiega
ripiega	ripiega
applausi	applausi
rock	rock
ripiega	gesù
ripiega	ripiega
(+)	(+)
ripiega	ripiega
applausi	applausi
ripiega	favolose
ripiega	ripiega
rock	favolose
tandem....	tandem....
applausi	applausi
applausi	applausi
favolose	favolose
gesù	ripiega
rock	rock
ripiega	ripiega
ripiega	ripiega
(+)	(+)
applausi	applausi
rock	(+)
chissà,	rock
gesù	rock
(+)	(+)
applausi	applausi
favolose	favolose
ripiega	ripiega
applausi	applausi
ripiega	ripiega
rock	gesù
rock	rock
capirla	ripiega
gesù	gesù
tandem....	rock
favolose	favolose
abbracciamo	gesù
gesù	gesù
(+)	(+)
applausi	gesù
rock	rock
gesù	favolose
applausi	ripiega
rock	rock
applausi	(+)
capirla	capirla
(+)	rock
applausi	applausi
ripiega	ripiega
rock	rock
tandem....	tandem....
rock	ripiega
rock	rock
tandem....	rock
applausi	(+)
applausi	applausi
applausi	applausi
applausi	applausi
ripiega	rock
rock	rock
rock	gesù
rock	rock
applausi	gesù
applausi	applausi
ripiega	ripiega
ripiega	ripiega
rock	rock
rock	rock
chissà,	rock
applausi	applausi
rock	rock
capirla	capirla
ripiega	ripiega
favolose	rock
(+)	applausi
tandem....	tandem....
abbracciamo	ripiega
(+)	(+)
rock	rock
rock	rock
ripiega	favolose
rock	rock
rock	rock
(+)	(+)
ripiega	ripiega
applausi	applausi
applausi	applausi
applausi	applausi
rock	rock
applausi	rock
applausi	ripiega
ripiega	applausi
capirla	gesù
rock	rock
capirla	capirla
ripiega	ripiega
ripiega	gesù
ripiega	ripiega
tandem....	capirla
rock	rock
ripiega	ripiega
gesù	gesù
ripiega	ripiega
(+)	rock
rock	rock
rock	rock
applausi	applausi
ripiega	applausi
gesù	rock
applausi	applausi
ripiega	ripiega
(+)	(+)
rock	rock
applausi	rock
applausi	rock
applausi	applausi
rock	rock
(+)	ripiega
ripiega	rock
chissà,	rock
(+)	(+)
applausi	rock
abbracciamo	ripiega
gesù	gesù
applausi	(+)
applausi	favolose
rock	favolose
chissà,	ripiega
rock	rock
favolose	favolose
applausi	applausi
applausi	applausi
ripiega	ripiega
ripiega	gesù
applausi	applausi
favolose	favolose
abbracciamo	ripiega
gesù	gesù
gesù	applausi
rock	rock
rock	rock
applausi	applausi
(+)	capirla
applausi	applausi
applausi	applausi
ripiega	ripiega
rock	rock
gesù	gesù
rock	rock
applausi	applausi
applausi	favolose
ripiega	applausi
applausi	applausi
rock	rock
ripiega	ripiega
favolose	favolose
(+)	applausi
abbracciamo	ripiega
ripiega	ripiega
(+)	(+)
gesù	applausi
applausi	applausi
rock	rock
capirla	ripiega
ripiega	ripiega
applausi	applausi
applausi	rock
capirla	capirla
ripiega	ripiega
applausi	applausi
(+)	(+)
applausi	applausi
rock	rock
applausi	applausi
abbracciamo	ripiega
applausi	applausi
applausi	applausi
rock	rock
rock	rock
tandem....	tandem....
gesù	favolose
capirla	capirla
applausi	applausi
favolose	favolose
rock	chissà,
ripiega	ripiega
rock	rock
applausi	applausi
gesù	gesù
applausi	applausi
rock	rock
gesù	ripiega
ripiega	ripiega
favolose	favolose
rock	rock
chissà,	applausi
applausi	applausi
rock	rock
tandem....	tandem....
applausi	applausi
applausi	applausi
rock	rock
applausi	favolose
(+)	ripiega
ripiega	applausi
ripiega	ripiega
(+)	(+)
rock	rock
rock	rock
rock	rock
applausi	applausi
applausi	applausi
rock	rock
rock	applausi
gesù	gesù
favolose	favolose
applausi	applausi
ripiega	ripiega
applausi	rock
applausi	applausi
rock	rock
rock	rock
(+)	(+)
rock	rock
chissà,	chissà,
applausi	favolose
chissà,	applausi
capirla	capirla
favolose	favolose
applausi	ripiega
rock	rock
ripiega	ripiega
(+)	(+)
ripiega	ripiega
applausi	applausi
applausi	applausi
applausi	applausi
applausi	applausi
ripiega	ripiega
applausi	applausi
ripiega	ripiega
rock	(+)
rock	rock
ripiega	ripiega
rock	rock
abbracciamo	gesù
rock	rock
capirla	ripiega
applausi	applausi
applausi	applausi
(+)	favolose
(+)	(+)
rock	rock
ripiega	favolose
rock	applausi
ripiega	ripiega
applausi	rock
applausi	applausi
applausi	favolose
rock	rock
rock	rock
ripiega	ripiega
ripiega	applausi
applausi	applausi
rock	rock
rock	rock
applausi	applausi
gesù	applausi
favolose	favolose
rock	rock
ripiega	abbracciamo
favolose	ripiega
applausi	applausi
rock	applausi
applausi	applausi
rock	favolose
ripiega	ripiega
favolose	favolose
ripiega	ripiega
favolose	favolose
favolose	favolose
ripiega	ripiega
favolose	ripiega
(+)	(+)
(+)	(+)
applausi	applausi
ripiega	gesù
applausi	ripiega
rock	rock
rock	rock
abbracciamo	ripiega
ripiega	applausi
applausi	rock
ripiega	ripiega
favolose	favolose
ripiega	gesù
applausi	ripiega
applausi	applausi
rock	rock
(+)	applausi
applausi	rock
rock	rock
gesù	gesù
rock	applausi
applausi	applausi
capirla	gesù
applausi	applausi
applausi	applausi
(+)	applausi
tandem....	tandem....
applausi	applausi
(+)	rock
rock	rock
favolose	favolose
favolose	favolose
applausi	applausi
applausi	gesù
ripiega	ripiega
applausi	applausi
rock	rock
applausi	rock
rock	rock
applausi	ripiega
ripiega	rock
gesù	applausi
ripiega	applausi
applausi	capirla
applausi	applausi
ripiega	ripiega
gesù	rock
ripiega	ripiega
rock	rock
applausi	applausi
rock	rock
ripiega	ripiega
favolose	favolose
applausi	applausi
applausi	applausi
rock	gesù
applausi	applausi
ripiega	applausi
rock	rock
favolose	capirla
applausi	applausi
favolose	favolose
applausi	applausi
favolose	favolose
rock	rock
ripiega	ripiega
favolose	ripiega
ripiega	ripiega
ripiega	favolose
ripiega	ripiega
gesù	chissà,
ripiega	favolose
rock	applausi
capirla	gesù
rock	rock
rock	rock
(+)	(+)
rock	rock
applausi	rock
ripiega	rock
applausi	ripiega
ripiega	applausi
ripiega	ripiega
rock	favolose
gesù	favolose
applausi	applausi
gesù	applausi
(+)	(+)
ripiega	rock
rock	rock
(+)	applausi
applausi	applausi
capirla	rock
applausi	applausi
(+)	(+)
rock	rock
favolose	favolose
ripiega	ripiega
ripiega	rock
abbracciamo	ripiega
ripiega	ripiega
rock	favolose
tandem....	tandem....
gesù	gesù
rock	tandem....
gesù	applausi
applausi	applausi
ripiega	ripiega
ripiega	ripiega
ripiega	ripiega
ripiega	ripiega
rock	ripiega
ripiega	ripiega
tandem....	tandem....
applausi	applausi
(+)	(+)
ripiega	ripiega
rock	rock
applausi	applausi
applausi	applausi
applausi	favolose
applausi	ripiega
applausi	applausi
rock	rock
ripiega	applausi
gesù	gesù
capirla	capirla
rock	rock
capirla	capirla
applausi	applausi
rock	rock
rock	rock
rock	rock
gesù	gesù
tandem....	tandem....
gesù	gesù
ripiega	ripiega
(+)	(+)
favolose	favolose
gesù	ripiega
rock	rock
applausi	rock
chissà,	rock
favolose	favolose
gesù	favolose
applausi	abbracciamo
ripiega	ripiega
favolose	favolose
applausi	(+)
ripiega	ripiega
rock	rock
favolose	favolose
rock	rock
rock	rock
gesù	gesù
ripiega	ripiega
ripiega	ripiega
applausi	applausi
applausi	applausi
capirla	ripiega
capirla	ripiega
ripiega	rock
applausi	applausi
ripiega	ripiega
tandem....	ripiega
applausi	applausi
ripiega	ripiega
(+)	(+)
(+)	applausi
rock	rock
favolose	favolose
applausi	applausi
ripiega	ripiega
rock	rock
rock	rock
chissà,	applausi
abbracciamo	ripiega
rock	applausi
applausi	applausi
rock	rock
favolose	ripiega
applausi	applausi
(+)	(+)
applausi	applausi
rock	rock
applausi	(+)
ripiega	rock
rock	rock
capirla	gesù
ripiega	gesù
gesù	gesù
ripiega	ripiega
(+)	(+)
applausi	applausi
applausi	applausi
applausi	gesù
applausi	applausi
rock	rock
rock	rock
ripiega	rock
applausi	applausi
chissà,	chissà,
gesù	favolose
chissà,	chissà,
rock	rock
rock	rock
rock	rock
rock	rock
applausi	applausi
applausi	(+)
gesù	gesù
(+)	(+)
applausi	applausi
applausi	gesù
applausi	applausi
gesù	ripiega
gesù	ripiega
gesù	gesù
rock	rock
favolose	favolose
applausi	applausi
applausi	applausi
rock	rock
gesù	applausi
gesù	ripiega
rock	rock
ripiega	(+)
ripiega	ripiega
(+)	(+)
applausi	applausi
(+)	(+)
applausi	applausi
rock	rock
(+)	(+)
ripiega	favolose
abbracciamo	ripiega
abbracciamo	ripiega
favolose	favolose
applausi	applausi
ripiega	ripiega
favolose	favolose
rock	ripiega
gesù	gesù
applausi	applausi
applausi	rock
rock	applausi
applausi	rock
applausi	applausi
(+)	applausi
favolose	favolose
rock	chissà,
ripiega	ripiega
applausi	tandem....
(+)	(+)
ripiega	ripiega
rock	rock
abbracciamo	ripiega
applausi	applausi
ripiega	gesù
ripiega	ripiega
ripiega	ripiega
gesù	favolose
rock	rock
rock	applausi
(+)	(+)
rock	rock
gesù	applausi
applausi	applausi
ripiega	ripiega
applausi	applausi
rock	rock
(+)	rock
applausi	rock
favolose	applausi
(+)	(+)
rock	ripiega
applausi	applausi
ripiega	ripiega
applausi	applausi
applausi	ripiega
ripiega	ripiega
ripiega	ripiega
applausi	applausi
rock	rock
applausi	applausi
rock	rock
ripiega	gesù
applausi	applausi
gesù	favolose
rock	favolose
ripiega	ripiega
rock	rock
ripiega	ripiega
favolose	favolose
gesù	favolose
rock	rock
applausi	applausi
gesù	gesù
capirla	ripiega
rock	rock
chissà,	(+)
ripiega	gesù
gesù	gesù
ripiega	ripiega
applausi	applausi
gesù	favolose
gesù	gesù
ripiega	ripiega
ripiega	ripiega
applausi	applausi
ripiega	gesù
(+)	(+)
gesù	applausi
applausi	gesù
gesù	capirla
(+)	(+)
favolose	gesù
applausi	applausi
(+)	(+)
ripiega	ripiega
applausi	applausi
applausi	applausi
rock	rock
applausi	applausi
rock	rock
(+)	tandem....
ripiega	ripiega
rock	rock
applausi	ripiega
ripiega	ripiega
ripiega	ripiega
applausi	applausi
tandem....	tandem....
ripiega	ripiega
rock	rock
rock	rock
rock	rock
favolose	favolose
applausi	applausi
applausi	ripiega
favolose	favolose
ripiega	applausi
applausi	applausi
applausi	applausi
favolose	ripiega
rock	rock
tandem....	tandem....
rock	rock
ripiega	ripiega
applausi	applausi
rock	rock
applausi	applausi
ripiega	ripiega
ripiega	ripiega
rock	rock
applausi	applausi
(+)	(+)
(+)	(+)
ripiega	ripiega
capirla	applausi
gesù	gesù
favolose	favolose
rock	(+)
(+)	(+)
applausi	applausi
ripiega	ripiega
rock	rock
ripiega	ripiega
ripiega	ripiega
rock	rock
gesù	ripiega
applausi	applausi
applausi	ripiega
ripiega	applausi
applausi	applausi
rock	ripiega
applausi	rock
gesù	favolose
rock	rock
applausi	applausi
ripiega	ripiega
ripiega	ripiega
capirla	applausi
gesù	ripiega
applausi	applausi
ripiega	ripiega
applausi	applausi
ripiega	ripiega
applausi	applausi
ripiega	ripiega
rock	rock
rock	rock
chissà,	ripiega
(+)	applausi
ripiega	ripiega
favolose	favolose
ripiega	rock
favolose	rock
ripiega	rock
applausi	applausi
rock	rock
chissà,	(+)
applausi	gesù
rock	(+)
ripiega	applausi
ripiega	ripiega
gesù	gesù
rock	ripiega
rock	rock
applausi	applausi
rock	rock
applausi	applausi
abbracciamo	ripiega
abbracciamo	ripiega
rock	(+)
applausi	applausi
rock	rock
tandem....	tandem....
applausi	applausi
ripiega	ripiega
applausi	applausi
gesù	favolose
rock	rock
gesù	applausi
favolose	ripiega
ripiega	capirla
ripiega	ripiega
gesù	gesù
gesù	applausi
(+)	applausi
applausi	applausi
gesù	gesù
applausi	rock
(+)	applausi
ripiega	favolose
ripiega	rock
rock	applausi
applausi	applausi
(+)	(+)
applausi	ripiega
ripiega	gesù
tandem....	tandem....
ripiega	ripiega
ripiega	ripiega
applausi	gesù
rock	ripiega
applausi	applausi
applausi	(+)
favolose	favolose
favolose	gesù
(+)	ripiega
(+)	applausi
gesù	gesù
(+)	(+)
favolose	favolose
rock	rock
gesù	applausi
abbracciamo	gesù
ripiega	ripiega
rock	applausi
abbracciamo	ripiega
gesù	gesù
applausi	ripiega
gesù	gesù
rock	rock
applausi	applausi
(+)	(+)
applausi	applausi
(+)	(+)
(+)	(+)
rock	rock
rock	rock
rock	rock
rock	rock
ripiega	ripiega
ripiega	ripiega
ripiega	ripiega
rock	ripiega
ripiega	favolose
abbracciamo	ripiega
tandem....	tandem....
gesù	ripiega
ripiega	ripiega
applausi	rock
applausi	applausi
applausi	rock
gesù	ripiega
gesù	gesù
chissà,	applausi
tandem....	(+)
gesù	applausi
ripiega	ripiega
ripiega	ripiega
(+)	(+)
chissà,	rock
capirla	capirla
applausi	rock
applausi	applausi
(+)	rock
applausi	favolose
ripiega	ripiega
applausi	(+)
applausi	applausi
ripiega	ripiega
applausi	applausi
ripiega	applausi
capirla	tandem....
favolose	favolose
ripiega	ripiega
favolose	gesù
applausi	applausi
abbracciamo	rock
ripiega	ripiega
rock	applausi
applausi	favolose
applausi	applausi
gesù	favolose
applausi	ripiega
(+)	(+)
favolose	favolose
tandem....	tandem....
ripiega	ripiega
rock	rock
(+)	(+)
applausi	applausi
rock	rock
applausi	applausi
rock	rock
applausi	rock
applausi	applausi
ripiega	ripiega
tandem....	rock
rock	rock
applausi	gesù
ripiega	rock
applausi	applausi
rock	rock
rock	ripiega
rock	rock
rock	rock
ripiega	ripiega
applausi	applausi
tandem....	rock
favolose	favolose
ripiega	ripiega
(+)	(+)
applausi	applausi
ripiega	ripiega
applausi	applausi
ripiega	ripiega
rock	(+)
ripiega	ripiega
gesù	applausi
rock	rock
applausi	ripiega
ripiega	rock
applausi	applausi
(+)	(+)
ripiega	ripiega
rock	rock
applausi	applausi
applausi	applausi
applausi	applausi
applausi	applausi
ripiega	gesù
applausi	applausi
rock	rock
rock	rock
rock	rock
rock	rock
applausi	applausi
rock	rock
applausi	applausi
abbracciamo	ripiega
ripiega	ripiega
(+)	applausi
applausi	rock
rock	rock
chissà,	favolose
rock	rock
(+)	applausi
applausi	gesù
applausi	rock
applausi	applausi
rock	ripiega
rock	rock
ripiega	ripiega
ripiega	ripiega
applausi	applausi
abbracciamo	ripiega
gesù	gesù
rock	rock
rock	favolose
applausi	applausi
gesù	favolose
favolose	favolose
applausi	ripiega
rock	applausi
ripiega	ripiega
rock	rock
rock	rock
applausi	applausi
rock	ripiega
abbracciamo	ripiega
applausi	ripiega
rock	ripiega
gesù	gesù
abbracciamo	ripiega
tandem....	applausi
abbracciamo	ripiega
rock	favolose
applausi	applausi
rock	rock
applausi	ripiega
ripiega	gesù
favolose	rock
rock	(+)
applausi	applausi
applausi	applausi
ripiega	gesù
applausi	applausi
ripiega	ripiega
rock	rock
favolose	favolose
applausi	applausi
applausi	ripiega
(+)	applausi
applausi	applausi
applausi	applausi
applausi	applausi
applausi	applausi
gesù	gesù
ripiega	favolose
applausi	applausi
rock	rock
rock	rock
rock	rock
gesù	applausi
ripiega	ripiega
ripiega	rock
tandem....	tandem....
rock	rock
rock	rock
applausi	applausi
abbracciamo	ripiega
ripiega	gesù
applausi	applausi
applausi	applausi
rock	rock
ripiega	ripiega
rock	rock
rock	applausi
rock	rock
rock	rock
applausi	applausi
chissà,	chissà,
applausi	applausi
applausi	rock
applausi	applausi
rock	rock
applausi	applausi
(+)	rock
applausi	applausi
ripiega	ripiega
applausi	applausi
ripiega	ripiega
favolose	rock
applausi	applausi
rock	rock
ripiega	ripiega
gesù	favolose
rock	rock
applausi	applausi
ripiega	ripiega
ripiega	tandem....
ripiega	ripiega
applausi	applausi
applausi	ripiega
applausi	capirla
applausi	applausi
rock	rock
(+)	(+)
rock	rock
rock	applausi
rock	rock
rock	rock
ripiega	applausi
ripiega	ripiega
ripiega	(+)
ripiega	ripiega
chissà,	rock
tandem....	ripiega
applausi	applausi
applausi	rock
applausi	ripiega
favolose	favolose
tandem....	tandem....
applausi	applausi
rock	rock
ripiega	favolose
tandem....	tandem....
applausi	gesù
applausi	favolose
(+)	rock
ripiega	gesù
rock	rock
rock	rock
chissà,	rock
abbracciamo	ripiega
ripiega	ripiega
applausi	applausi
applausi	rock
(+)	(+)
applausi	applausi
(+)	ripiega
rock	rock
tandem....	tandem....
applausi	applausi
rock	rock
favolose	favolose
favolose	rock
(+)	(+)
ripiega	ripiega
ripiega	ripiega
ripiega	ripiega
ripiega	gesù
rock	rock
rock	ripiega
favolose	favolose
applausi	applausi
ripiega	ripiega
chissà,	rock
rock	rock
chissà,	rock
ripiega	applausi
(+)	(+)
rock	rock
ripiega	ripiega
ripiega	rock
applausi	gesù
applausi	applausi
favolose	applausi
rock	rock
rock	rock
rock	rock
rock	rock
rock	rock
applausi	applausi
chissà,	chissà,
favolose	rock
ripiega	ripiega
applausi	applausi
rock	rock
abbracciamo	ripiega
rock	rock
favolose	favolose
gesù	gesù
favolose	favolose
rock	ripiega
applausi	applausi
ripiega	ripiega
applausi	applausi
ripiega	ripiega
favolose	favolose
rock	rock
applausi	applausi
(+)	(+)
applausi	applausi
tandem....	tandem....
gesù	rock
applausi	applausi
rock	rock
ripiega	capirla
ripiega	applausi
applausi	applausi
rock	rock
rock	rock
capirla	rock
rock	rock
rock	rock
ripiega	applausi
applausi	applausi
ripiega	(+)
applausi	applausi
gesù	ripiega
ripiega	applausi
favolose	favolose
ripiega	ripiega
(+)	(+)
ripiega	ripiega
abbracciamo	ripiega
ripiega	ripiega
favolose	favolose
ripiega	ripiega
applausi	applausi
capirla	capirla
capirla	rock
rock	favolose
applausi	applausi
applausi	rock
rock	rock
abbracciamo	gesù
favolose	ripiega
applausi	(+)
rock	rock
gesù	rock
ripiega	ripiega
rock	rock
rock	rock
applausi	applausi
gesù	gesù
applausi	applausi
ripiega	ripiega
favolose	favolose
ripiega	ripiega
favolose	favolose
(+)	gesù
applausi	rock
chissà,	favolose
rock	rock
ripiega	applausi
tandem....	tandem....
applausi	ripiega
favolose	favolose
favolose	favolose
abbracciamo	applausi
applausi	favolose
applausi	applausi
applausi	applausi
ripiega	rock
applausi	ripiega
rock	rock
applausi	applausi
ripiega	ripiega
applausi	applausi
chissà,	chissà,
abbracciamo	ripiega
rock	rock
rock	applausi
tandem....	tandem....
(+)	applausi
(+)	(+)
ripiega	gesù
ripiega	ripiega
rock	rock
(+)	applausi
ripiega	ripiega
tandem....	tandem....
capirla	capirla
ripiega	ripiega
applausi	applausi
ripiega	gesù
rock	rock
gesù	ripiega
(+)	(+)
applausi	favolose
abbracciamo	ripiega
applausi	applausi
ripiega	ripiega
rock	gesù
chissà,	chissà,
rock	rock
rock	rock
rock	rock
rock	rock
rock	rock
abbracciamo	ripiega
ripiega	ripiega
gesù	favolose
gesù	applausi
abbracciamo	ripiega
applausi	applausi
rock	rock
ripiega	ripiega
rock	rock
rock	rock
gesù	rock
capirla	capirla
rock	rock
favolose	ripiega
ripiega	favolose
capirla	applausi
rock	rock
rock	rock
ripiega	ripiega
(+)	rock
gesù	(+)
favolose	favolose
favolose	gesù
applausi	ripiega
(+)	applausi
applausi	applausi
chissà,	rock
tandem....	tandem....
ripiega	ripiega
(+)	(+)
ripiega	ripiega
rock	rock
favolose	favolose
ripiega	ripiega
applausi	applausi
applausi	applausi
ripiega	ripiega
ripiega	ripiega
favolose	favolose
(+)	applausi
favolose	favolose
rock	favolose
rock	rock
tandem....	rock
applausi	applausi
gesù	gesù
applausi	ripiega
favolose	tandem....
rock	rock
rock	ripiega
favolose	favolose
favolose	applausi
applausi	ripiega
ripiega	ripiega
gesù	gesù
ripiega	ripiega
ripiega	ripiega
(+)	rock
applausi	gesù
applausi	applausi
(+)	(+)
applausi	applausi
applausi	applausi
ripiega	applausi
ripiega	gesù
capirla	tandem....
applausi	applausi
rock	favolose
ripiega	ripiega
applausi	rock
ripiega	ripiega
gesù	ripiega
ripiega	ripiega
rock	rock
ripiega	ripiega
gesù	tandem....
rock	rock
rock	rock
rock	rock
(+)	favolose
ripiega	ripiega
ripiega	ripiega
tandem....	tandem....
(+)	gesù
rock	rock
ripiega	favolose
applausi	applausi
ripiega	(+)
rock	rock
applausi	capirla
applausi	applausi
rock	rock
ripiega	ripiega
ripiega	ripiega
rock	rock
rock	rock
favolose	favolose
applausi	applausi
applausi	applausi
applausi	applausi
rock	applausi
rock	rock
rock	rock
gesù	gesù
ripiega	ripiega
applausi	applausi
capirla	ripiega
applausi	rock
applausi	applausi
applausi	applausi
gesù	applausi
rock	rock
applausi	applausi
applausi	applausi
rock	gesù
applausi	applausi
ripiega	ripiega
ripiega	applausi
ripiega	ripiega
ripiega	applausi
ripiega	ripiega
favolose	favolose
ripiega	ripiega
gesù	applausi
rock	rock
chissà,	rock
rock	applausi
rock	rock
ripiega	gesù
chissà,	chissà,
capirla	gesù
applausi	applausi
applausi	applausi
favolose	favolose
tandem....	tandem....
rock	rock
gesù	capirla
applausi	applausi
(+)	(+)
favolose	favolose
favolose	favolose
favolose	ripiega
favolose	favolose
rock	rock
ripiega	ripiega
chissà,	chissà,
rock	rock
favolose	favolose
ripiega	ripiega
favolose	rock
ripiega	ripiega
applausi	applausi
applausi	ripiega
applausi	applausi
rock	rock
ripiega	(+)
rock	rock
applausi	rock
applausi	applausi
ripiega	ripiega
capirla	capirla
applausi	applausi
applausi	ripiega
applausi	applausi
applausi	applausi
favolose	applausi
applausi	applausi
(+)	(+)
rock	rock
(+)	(+)
rock	rock
applausi	favolose
applausi	applausi
gesù	favolose
(+)	(+)
ripiega	ripiega
abbracciamo	ripiega
rock	(+)
applausi	applausi
chissà,	applausi
applausi	applausi
rock	gesù
rock	rock
ripiega	rock
favolose	favolose
ripiega	ripiega
ripiega	applausi
(+)	(+)
ripiega	capirla
rock	rock
ripiega	ripiega
applausi	applausi
applausi	applausi
applausi	applausi
applausi	rock
applausi	applausi
ripiega	ripiega
rock	rock
rock	(+)
favolose	rock
applausi	applausi
gesù	applausi
applausi	applausi
(+)	(+)
applausi	applausi
applausi	applausi
applausi	applausi
ripiega	gesù
favolose	favolose
applausi	applausi
applausi	applausi
ripiega	rock
ripiega	ripiega
favolose	favolose
applausi	applausi
applausi	applausi
applausi	favolose
(+)	(+)
rock	applausi
applausi	ripiega
applausi	applausi
applausi	applausi
ripiega	ripiega
favolose	favolose
ripiega	ripiega
rock	rock
ripiega	ripiega
applausi	ripiega
applausi	rock
applausi	applausi
rock	ripiega
applausi	applausi
ripiega	ripiega
rock	favolose
capirla	favolose
applausi	applausi
applausi	applausi
ripiega	ripiega
applausi	applausi
ripiega	ripiega
abbracciamo	ripiega
applausi	gesù
ripiega	ripiega
ripiega	ripiega
favolose	gesù
tandem....	ripiega
favolose	favolose
favolose	favolose
ripiega	ripiega
ripiega	ripiega
rock	applausi
ripiega	ripiega
ripiega	ripiega
rock	ripiega
rock	rock
ripiega	ripiega
tandem....	favolose
abbracciamo	ripiega
ripiega	applausi
rock	rock
applausi	applausi
applausi	applausi
rock	applausi
ripiega	rock
(+)	(+)
(+)	(+)
rock	chissà,
rock	favolose
favolose	favolose
tandem....	ripiega
favolose	favolose
applausi	applausi
rock	rock
rock	rock
rock	rock
gesù	capirla
gesù	gesù
ripiega	ripiega
gesù	gesù
ripiega	ripiega
rock	rock
rock	rock
applausi	applausi
gesù	gesù
rock	favolose
rock	rock
ripiega	ripiega
applausi	applausi
ripiega	ripiega
rock	rock
chissà,	chissà,
chissà,	favolose
(+)	(+)
rock	favolose
applausi	applausi
capirla	capirla
capirla	capirla
favolose	favolose
applausi	applausi
(+)	(+)
rock	rock
tandem....	(+)
applausi	applausi
gesù	gesù
rock	applausi
favolose	favolose
rock	rock
applausi	ripiega
capirla	rock
capirla	capirla
applausi	applausi
(+)	rock
rock	applausi
rock	rock
gesù	gesù
ripiega	ripiega
ripiega	rock
rock	rock
favolose	favolose
rock	rock
rock	rock
favolose	favolose
abbracciamo	ripiega
(+)	(+)
applausi	applausi
gesù	gesù
applausi	applausi
applausi	applausi
rock	rock
ripiega	ripiega
applausi	applausi
favolose	favolose
ripiega	ripiega
rock	rock
ripiega	ripiega
applausi	applausi
ripiega	ripiega
gesù	gesù
applausi	applausi
ripiega	ripiega
applausi	applausi
rock	rock
applausi	applausi
abbracciamo	ripiega
applausi	applausi
ripiega	ripiega
applausi	applausi
rock	rock
applausi	applausi
abbracciamo	favolose
ripiega	applausi
rock	rock
gesù	ripiega
applausi	applausi
rock	rock
rock	rock
(+)	applausi
applausi	gesù
ripiega	favolose
ripiega	ripiega
(+)	applausi
ripiega	ripiega
ripiega	ripiega
ripiega	ripiega
favolose	(+)
tandem....	tandem....
applausi	applausi
ripiega	ripiega
applausi	applausi
favolose	favolose
applausi	applausi
rock	rock
applausi	applausi
rock	rock
applausi	applausi
gesù	gesù
applausi	ripiega
ripiega	ripiega
rock	rock
ripiega	ripiega
gesù	rock
rock	favolose
ripiega	gesù
rock	rock
ripiega	ripiega
rock	rock
favolose	favolose
gesù	ripiega
favolose	favolose
gesù	gesù
favolose	favolose
ripiega	applausi
applausi	applausi
ripiega	ripiega
favolose	favolose
applausi	applausi
favolose	favolose
capirla	ripiega
abbracciamo	ripiega
applausi	applausi
favolose	favolose
capirla	capirla
favolose	(+)
favolose	favolose
rock	rock
applausi	ripiega
favolose	favolose
applausi	applausi
gesù	rock
(+)	ripiega
gesù	ripiega
abbracciamo	ripiega
gesù	gesù
applausi	applausi
favolose	rock
applausi	applausi
ripiega	gesù
ripiega	ripiega
ripiega	gesù
rock	applausi
rock	rock
ripiega	ripiega
applausi	applausi
applausi	applausi
ripiega	ripiega
gesù	gesù
applausi	applausi
applausi	gesù
ripiega	ripiega
capirla	capirla
rock	applausi
applausi	applausi
ripiega	ripiega
rock	chissà,
ripiega	ripiega
rock	rock
rock	rock
gesù	ripiega
tandem....	rock
ripiega	ripiega
rock	rock
rock	rock
gesù	gesù
rock	rock
ripiega	ripiega
rock	rock
tandem....	tandem....
rock	applausi
rock	(+)
ripiega	ripiega
ripiega	applausi
ripiega	ripiega
rock	rock
ripiega	ripiega
capirla	gesù
ripiega	ripiega
chissà,	favolose
rock	rock
ripiega	ripiega
capirla	rock
ripiega	ripiega
ripiega	ripiega
applausi	applausi
gesù	applausi
ripiega	ripiega
rock	rock
rock	rock
applausi	applausi
favolose	applausi
applausi	applausi
ripiega	tandem....
applausi	applausi
applausi	applausi
favolose	favolose
ripiega	ripiega
applausi	ripiega
(+)	(+)
ripiega	ripiega
applausi	gesù
chissà,	chissà,
rock	applausi
gesù	gesù
applausi	applausi
rock	rock
applausi	applausi
rock	rock
applausi	applausi
ripiega	ripiega
ripiega	rock
(+)	(+)
gesù	ripiega
ripiega	ripiega
applausi	applausi
favolose	favolose
applausi	applausi
ripiega	applausi
capirla	gesù
ripiega	ripiega
ripiega	ripiega
ripiega	ripiega
capirla	capirla
(+)	(+)
applausi	applausi
abbracciamo	favolose
abbracciamo	ripiega
ripiega	applausi
ripiega	ripiega
(+)	ripiega
applausi	applausi
ripiega	ripiega
(+)	(+)
applausi	applausi
capirla	favolose
rock	rock
rock	rock
ripiega	ripiega
favolose	favolose
ripiega	ripiega
rock	rock
(+)	applausi
chissà,	rock
applausi	ripiega
(+)	applausi
rock	rock
applausi	applausi
gesù	gesù
applausi	applausi
applausi	applausi
applausi	applausi
ripiega	favolose
favolose	favolose
ripiega	ripiega
rock	rock
applausi	applausi
ripiega	ripiega
applausi	ripiega
abbracciamo	ripiega
gesù	gesù
ripiega	tandem....
ripiega	ripiega
ripiega	ripiega
applausi	applausi
rock	rock
ripiega	ripiega
rock	(+)
gesù	ripiega
ripiega	ripiega
applausi	applausi
rock	rock
applausi	applausi
favolose	favolose
abbracciamo	rock
applausi	applausi
applausi	applausi
applausi	applausi
ripiega	ripiega
applausi	rock
chissà,	applausi
rock	rock
applausi	applausi
ripiega	ripiega
ripiega	ripiega
rock	rock
applausi	rock
rock	rock
rock	rock
ripiega	ripiega
applausi	applausi
abbracciamo	applausi
applausi	ripiega
applausi	applausi
gesù	applausi
(+)	(+)
applausi	applausi
rock	rock
ripiega	ripiega
applausi	applausi
applausi	applausi
favolose	favolose
gesù	gesù
(+)	(+)
abbracciamo	ripiega
favolose	applausi
applausi	applausi
gesù	gesù
applausi	applausi
rock	rock
ripiega	gesù
ripiega	favolose
gesù	applausi
applausi	applausi
applausi	applausi
ripiega	ripiega
tandem....	capirla
rock	rock
favolose	favolose
tandem....	tandem....
gesù	applausi
rock	rock
ripiega	ripiega
rock	rock
applausi	applausi
applausi	applausi
applausi	favolose
(+)	(+)
applausi	applausi
ripiega	ripiega
ripiega	ripiega
favolose	favolose
rock	rock
tandem....	favolose
tandem....	tandem....
(+)	(+)
ripiega	ripiega
favolose	applausi
capirla	gesù
rock	rock
capirla	tandem....
rock	rock
ripiega	ripiega
rock	rock
rock	rock
applausi	ripiega
applausi	applausi
gesù	ripiega
rock	rock
abbracciamo	ripiega
(+)	(+)
ripiega	abbracciamo
ripiega	ripiega
ripiega	ripiega
(+)	applausi
applausi	ripiega
favolose	favolose
rock	applausi
abbracciamo	ripiega
(+)	applausi
applausi	applausi
applausi	applausi
ripiega	ripiega
applausi	applausi
applausi	rock
applausi	applausi
abbracciamo	ripiega
gesù	ripiega
ripiega	applausi
rock	rock
abbracciamo	ripiega
tandem....	favolose
applausi	applausi
ripiega	rock
applausi	applausi
gesù	gesù
ripiega	ripiega
rock	rock
ripiega	ripiega
applausi	applausi
(+)	ripiega
applausi	ripiega
favolose	favolose
applausi	ripiega
ripiega	applausi
applausi	applausi
ripiega	ripiega
abbracciamo	gesù
applausi	applausi
applausi	applausi
(+)	(+)
applausi	applausi
rock	ripiega
ripiega	ripiega
applausi	applausi
ripiega	ripiega
(+)	applausi
rock	rock
abbracciamo	ripiega
rock	rock
rock	rock
ripiega	ripiega
applausi	applausi
applausi	applausi
rock	rock
ripiega	ripiega
rock	rock
applausi	ripiega
rock	rock
applausi	applausi
applausi	applausi
rock	rock
gesù	rock
gesù	favolose
tandem....	applausi
(+)	(+)
capirla	capirla
rock	rock
ripiega	gesù
applausi	applausi
rock	rock
applausi	ripiega
ripiega	(+)
rock	rock
applausi	ripiega
applausi	applausi
rock	ripiega
rock	ripiega
applausi	applausi
favolose	rock
rock	rock
ripiega	ripiega
(+)	gesù
rock	rock
ripiega	ripiega
ripiega	ripiega
gesù	ripiega
ripiega	ripiega
applausi	applausi
favolose	favolose
ripiega	gesù
rock	rock
applausi	capirla
applausi	applausi
ripiega	ripiega
applausi	ripiega
applausi	rock
applausi	favolose
applausi	applausi
ripiega	ripiega
ripiega	tandem....
applausi	ripiega
applausi	applausi
applausi	applausi
gesù	applausi
applausi	favolose
applausi	gesù
abbracciamo	gesù
rock	rock
ripiega	ripiega
applausi	applausi
(+)	(+)
ripiega	rock
favolose	applausi
applausi	applausi
rock	ripiega
capirla	capirla
abbracciamo	ripiega
(+)	(+)
favolose	rock
applausi	ripiega
rock	rock
applausi	applausi
abbracciamo	ripiega
rock	rock
gesù	gesù
applausi	applausi
ripiega	ripiega
gesù	gesù
applausi	applausi
gesù	rock
applausi	ripiega
gesù	gesù
rock	rock
(+)	(+)
ripiega	rock
applausi	ripiega
gesù	gesù
(+)	applausi
gesù	ripiega
favolose	favolose
rock	chissà,
favolose	ripiega
chissà,	chissà,
applausi	applausi
applausi	(+)
rock	rock
rock	rock
gesù	ripiega
ripiega	ripiega
ripiega	rock
ripiega	ripiega
(+)	(+)
favolose	favolose
applausi	applausi
applausi	applausi
capirla	capirla
rock	rock
applausi	applausi
gesù	ripiega
favolose	favolose
ripiega	applausi
applausi	applausi
chissà,	rock
rock	rock
(+)	(+)
rock	rock
ripiega	gesù
rock	rock
favolose	favolose
(+)	(+)
ripiega	ripiega
rock	rock
rock	rock
ripiega	ripiega
ripiega	ripiega
rock	rock
rock	rock
ripiega	applausi
gesù	gesù
applausi	applausi
(+)	(+)
applausi	gesù
applausi	applausi
applausi	rock
ripiega	ripiega
(+)	applausi
rock	rock
applausi	applausi
gesù	rock
applausi	applausi
favolose	favolose
gesù	capirla
gesù	ripiega
ripiega	favolose
rock	rock
tandem....	tandem....
ripiega	ripiega
ripiega	ripiega
applausi	ripiega
applausi	applausi
ripiega	ripiega
rock	rock
tandem....	tandem....
abbracciamo	ripiega
rock	rock
ripiega	applausi
rock	rock
tandem....	tandem....
applausi	ripiega
applausi	rock
rock	ripiega
ripiega	rock
applausi	applausi
rock	rock
ripiega	ripiega
favolose	favolose
favolose	favolose
gesù	gesù
favolose	gesù
favolose	favolose
rock	applausi
ripiega	ripiega
applausi	applausi
favolose	capirla
(+)	(+)
(+)	(+)
rock	rock
rock	ripiega
applausi	applausi
rock	rock
applausi	rock
capirla	(+)
applausi	favolose
(+)	(+)
applausi	applausi
applausi	rock
applausi	rock
ripiega	ripiega
gesù	gesù
favolose	applausi
applausi	applausi
ripiega	ripiega
favolose	favolose
gesù	gesù
(+)	(+)
ripiega	applausi
applausi	rock
ripiega	ripiega
favolose	gesù
ripiega	ripiega
abbracciamo	applausi
abbracciamo	ripiega
applausi	applausi
favolose	favolose
ripiega	ripiega
applausi	applausi
applausi	applausi
rock	rock
rock	applausi
ripiega	ripiega
(+)	(+)
rock	rock
rock	rock
favolose	favolose
favolose	favolose
applausi	applausi
favolose	rock
rock	rock
favolose	favolose
ripiega	ripiega
applausi	applausi
favolose	favolose
ripiega	ripiega
rock	rock
applausi	ripiega
favolose	ripiega
favolose	favolose
rock	rock
abbracciamo	ripiega
tandem....	ripiega
rock	rock
applausi	applausi
rock	rock
applausi	applausi
ripiega	favolose
rock	rock
gesù	gesù
ripiega	ripiega
ripiega	ripiega
rock	rock
rock	rock
(+)	rock
rock	rock
applausi	favolose
gesù	gesù
abbracciamo	ripiega
ripiega	ripiega
applausi	applausi
applausi	applausi
ripiega	applausi
ripiega	gesù
applausi	applausi
rock	rock
(+)	applausi
gesù	rock
ripiega	ripiega
applausi	applausi
(+)	(+)
ripiega	ripiega
ripiega	ripiega
applausi	applausi
(+)	(+)
applausi	applausi
applausi	applausi
gesù	gesù
applausi	favolose
(+)	(+)
ripiega	ripiega
applausi	applausi
rock	rock
rock	ripiega
ripiega	ripiega
applausi	rock
gesù	gesù
rock	rock
ripiega	ripiega
rock	rock
applausi	applausi
rock	ripiega
applausi	rock
applausi	applausi
(+)	ripiega
capirla	capirla
(+)	(+)
rock	rock
gesù	gesù
rock	rock
(+)	(+)
(+)	(+)
abbracciamo	ripiega
ripiega	rock
applausi	applausi
rock	rock
gesù	gesù
ripiega	ripiega
rock	rock
rock	rock
rock	rock
rock	rock
ripiega	ripiega
applausi	applausi
rock	rock
applausi	applausi
rock	rock
rock	rock
rock	rock
(+)	(+)
rock	rock
applausi	applausi
favolose	favolose
rock	(+)
rock	rock
ripiega	ripiega
favolose	favolose
rock	rock
ripiega	ripiega
ripiega	ripiega
gesù	favolose
ripiega	ripiega
rock	rock
applausi	applausi
(+)	(+)
ripiega	ripiega
ripiega	ripiega
gesù	applausi
favolose	favolose
ripiega	rock
rock	rock
applausi	applausi
rock	ripiega
abbracciamo	ripiega
rock	favolose
gesù	applausi
ripiega	ripiega
rock	rock
rock	rock
gesù	ripiega
ripiega	applausi
chissà,	chissà,
ripiega	ripiega
ripiega	ripiega
gesù	rock
(+)	(+)
ripiega	ripiega
applausi	applausi
ripiega	ripiega
gesù	applausi
applausi	applausi
rock	favolose
rock	rock
gesù	ripiega
rock	(+)
favolose	favolose
applausi	favolose
applausi	applausi
rock	applausi
gesù	applausi
rock	rock
applausi	applausi
ripiega	ripiega
ripiega	ripiega
gesù	gesù
rock	rock
tandem....	tandem....
applausi	applausi
applausi	rock
capirla	capirla
abbracciamo	ripiega
rock	rock
capirla	gesù
applausi	rock
(+)	(+)
ripiega	ripiega
gesù	ripiega
ripiega	applausi
abbracciamo	gesù
rock	rock
favolose	favolose
capirla	gesù
gesù	gesù
gesù	gesù
capirla	capirla
ripiega	ripiega
gesù	gesù
gesù	gesù
rock	rock
favolose	gesù
applausi	applausi
applausi	applausi
rock	rock
rock	rock
ripiega	ripiega
ripiega	rock
applausi	applausi
abbracciamo	ripiega
ripiega	ripiega
ripiega	favolose
applausi	applausi
favolose	capirla
ripiega	ripiega
ripiega	ripiega
ripiega	rock
rock	rock
ripiega	gesù
(+)	(+)
applausi	applausi
applausi	applausi
rock	rock
favolose	rock
rock	rock
rock	rock
(+)	tandem....
ripiega	ripiega
ripiega	ripiega
rock	rock
rock	rock
(+)	applausi
applausi	rock
favolose	favolose
ripiega	ripiega
tandem....	rock
rock	ripiega
tandem....	ripiega
ripiega	ripiega
gesù	tandem....
ripiega	gesù
capirla	capirla
gesù	ripiega
capirla	ripiega
ripiega	ripiega
applausi	applausi
applausi	rock
abbracciamo	ripiega
rock	rock
ripiega	ripiega
ripiega	ripiega
rock	rock
gesù	rock
applausi	applausi
ripiega	ripiega
favolose	favolose
applausi	rock
favolose	rock
ripiega	ripiega
rock	ripiega
applausi	applausi
applausi	applausi
favolose	favolose
rock	favolose
ripiega	ripiega
applausi	applausi
abbracciamo	ripiega
applausi	applausi
ripiega	ripiega
capirla	applausi
ripiega	ripiega
rock	rock
ripiega	ripiega
rock	rock
applausi	applausi
capirla	applausi
applausi	applausi
rock	rock
favolose	favolose
rock	rock
applausi	applausi
ripiega	ripiega
ripiega	ripiega
rock	rock
applausi	applausi
(+)	(+)
applausi	applausi
applausi	gesù
abbracciamo	ripiega
(+)	(+)
rock	rock
ripiega	applausi
favolose	ripiega
ripiega	ripiega
rock	(+)
rock	rock
(+)	(+)
abbracciamo	ripiega
rock	rock
rock	capirla
rock	rock
ripiega	applausi
gesù	gesù
gesù	rock
favolose	favolose
(+)	rock
ripiega	applausi
ripiega	ripiega
ripiega	ripiega
gesù	favolose
rock	applausi
rock	rock
favolose	favolose
(+)	(+)
applausi	ripiega
applausi	rock
applausi	applausi
applausi	applausi
applausi	applausi
ripiega	ripiega
ripiega	ripiega
applausi	applausi
ripiega	ripiega
gesù	gesù
rock	rock
applausi	applausi
favolose	favolose
ripiega	ripiega
rock	ripiega
rock	rock
applausi	applausi
ripiega	ripiega
rock	rock
tandem....	tandem....
ripiega	rock
(+)	(+)
rock	rock
rock	gesù
(+)	(+)
(+)	favolose
ripiega	ripiega
favolose	favolose
favolose	favolose
applausi	applausi
abbracciamo	abbracciamo
favolose	gesù
rock	rock
rock	rock
favolose	ripiega
(+)	(+)
rock	rock
rock	rock
applausi	applausi
applausi	tandem....
ripiega	ripiega
applausi	applausi
ripiega	ripiega
applausi	applausi
rock	rock
ripiega	ripiega
tandem....	(+)
ripiega	ripiega
applausi	applausi
rock	rock
ripiega	ripiega
ripiega	ripiega
applausi	applausi
tandem....	tandem....
favolose	favolose
ripiega	ripiega
ripiega	ripiega
favolose	favolose
favolose	favolose
applausi	applausi
ripiega	ripiega
gesù	gesù
applausi	rock
gesù	ripiega
applausi	rock
ripiega	ripiega
rock	rock
applausi	applausi
ripiega	ripiega
ripiega	ripiega
tandem....	tandem....
gesù	gesù
rock	applausi
(+)	(+)
gesù	gesù
gesù	ripiega
gesù	gesù
rock	rock
favolose	applausi
rock	rock
applausi	applausi
applausi	applausi
ripiega	ripiega
favolose	rock
applausi	chissà,
applausi	ripiega
ripiega	ripiega
applausi	ripiega
rock	rock
tandem....	tandem....
applausi	applausi
applausi	applausi
rock	rock
favolose	favolose
rock	rock
applausi	gesù
tandem....	ripiega
ripiega	ripiega
applausi	applausi
rock	rock
favolose	favolose
rock	rock
ripiega	ripiega
ripiega	ripiega
abbracciamo	ripiega
ripiega	ripiega
rock	rock
favolose	ripiega
rock	rock
favolose	favolose
abbracciamo	ripiega
favolose	favolose
applausi	applausi
ripiega	ripiega
(+)	(+)
tandem....	tandem....
rock	rock
ripiega	rock
abbracciamo	rock
favolose	favolose
rock	ripiega
abbracciamo	ripiega
(+)	applausi
capirla	capirla
capirla	capirla
capirla	rock
ripiega	ripiega
applausi	applausi
ripiega	ripiega
tandem....	tandem....
applausi	applausi
applausi	applausi
rock	(+)
gesù	applausi
rock	applausi
rock	favolose
favolose	ripiega
applausi	applausi
applausi	applausi
rock	rock
favolose	favolose
abbracciamo	ripiega
applausi	applausi
applausi	applausi
rock	applausi
rock	rock
ripiega	ripiega
applausi	applausi
applausi	tandem....
gesù	capirla
applausi	applausi
chissà,	(+)
applausi	applausi
rock	rock
rock	rock
rock	rock
(+)	(+)
rock	rock
applausi	applausi
capirla	capirla
rock	rock
capirla	capirla
ripiega	rock
applausi	applausi
chissà,	rock
applausi	applausi
tandem....	tandem....
tandem....	tandem....
ripiega	ripiega
rock	ripiega
gesù	ripiega
applausi	applausi
applausi	applausi
ripiega	ripiega
ripiega	ripiega
abbracciamo	ripiega
ripiega	ripiega
(+)	(+)
chissà,	applausi
rock	rock
rock	rock
gesù	gesù
applausi	rock
chissà,	chissà,
ripiega	ripiega
rock	rock
ripiega	ripiega
applausi	applausi
ripiega	ripiega
gesù	gesù
ripiega	ripiega
ripiega	favolose
gesù	favolose
rock	rock
rock	rock
ripiega	capirla
rock	rock
ripiega	ripiega
applausi	applausi
applausi	applausi
ripiega	ripiega
ripiega	rock
gesù	ripiega
ripiega	ripiega
applausi	applausi
abbracciamo	gesù
gesù	ripiega
rock	rock
chissà,	chissà,
applausi	applausi
rock	applausi
applausi	applausi
applausi	applausi
ripiega	ripiega
ripiega	ripiega
applausi	applausi
(+)	(+)
applausi	applausi
tandem....	tandem....
applausi	applausi
rock	rock
favolose	favolose
favolose	favolose
capirla	ripiega
tandem....	rock
ripiega	tandem....
tandem....	tandem....
favolose	capirla
(+)	(+)
applausi	applausi
rock	rock
applausi	applausi
favolose	ripiega
rock	rock
(+)	applausi
applausi	applausi
tandem....	tandem....
rock	rock
applausi	applausi
applausi	applausi
(+)	applausi
favolose	favolose
ripiega	applausi
rock	rock
capirla	capirla
applausi	ripiega
applausi	applausi
capirla	ripiega
gesù	ripiega
applausi	applausi
favolose	favolose
gesù	rock
ripiega	ripiega
ripiega	gesù
rock	rock
applausi	applausi
rock	rock
gesù	ripiega
ripiega	ripiega
ripiega	ripiega
(+)	applausi
gesù	rock
ripiega	ripiega
applausi	applausi
capirla	gesù
ripiega	ripiega
applausi	applausi
applausi	applausi
applausi	ripiega
rock	gesù
rock	rock
gesù	rock
rock	rock
ripiega	ripiega
rock	rock
rock	rock
applausi	applausi
favolose	favolose
gesù	ripiega
capirla	capirla
rock	rock
favolose	gesù
rock	rock
applausi	applausi
applausi	applausi
ripiega	ripiega
applausi	applausi
applausi	ripiega
applausi	applausi
applausi	gesù
rock	rock
applausi	applausi
applausi	applausi
ripiega	ripiega
capirla	ripiega
ripiega	ripiega
abbracciamo	ripiega
rock	rock
abbracciamo	ripiega
rock	rock
gesù	applausi
rock	ripiega
rock	rock
ripiega	ripiega
rock	rock
ripiega	applausi
gesù	ripiega
favolose	ripiega
ripiega	ripiega
ripiega	ripiega
rock	gesù
applausi	applausi
applausi	applausi
applausi	applausi
rock	rock
chissà,	rock
applausi	applausi
applausi	favolose
applausi	ripiega
(+)	(+)
applausi	(+)
applausi	applausi
rock	rock
rock	rock
rock	rock
favolose	(+)
applausi	applausi
applausi	applausi
ripiega	ripiega
applausi	applausi
rock	gesù
ripiega	ripiega
rock	gesù
rock	rock
(+)	ripiega
gesù	rock
rock	rock
(+)	rock
applausi	applausi
applausi	rock
chissà,	chissà,
(+)	(+)
(+)	favolose
ripiega	ripiega
applausi	applausi
capirla	rock
ripiega	applausi
rock	favolose
applausi	applausi
ripiega	ripiega
applausi	rock
abbracciamo	ripiega
applausi	ripiega
(+)	applausi
ripiega	ripiega
applausi	applausi
tandem....	tandem....
ripiega	ripiega
rock	rock
rock	rock
rock	(+)
ripiega	ripiega
rock	(+)
rock	rock
applausi	applausi
applausi	gesù
chissà,	rock
rock	rock
applausi	applausi
applausi	applausi
abbracciamo	favolose
favolose	favolose
ripiega	ripiega
ripiega	ripiega
rock	rock
rock	rock
ripiega	rock
tandem....	tandem....
favolose	favolose
ripiega	ripiega
applausi	applausi
(+)	ripiega
ripiega	ripiega
chissà,	applausi
rock	rock
abbracciamo	ripiega
ripiega	ripiega
applausi	applausi
favolose	ripiega
capirla	applausi
rock	rock
ripiega	ripiega
(+)	(+)
rock	favolose
applausi	applausi
favolose	tandem....
ripiega	ripiega
ripiega	ripiega
capirla	gesù
(+)	(+)
applausi	applausi
(+)	applausi
rock	rock
ripiega	ripiega
ripiega	applausi
applausi	ripiega
rock	rock
applausi	applausi
applausi	applausi
rock	rock
chissà,	rock
favolose	favolose
rock	rock
applausi	gesù
rock	rock
rock	rock
rock	rock
ripiega	ripiega
ripiega	ripiega
ripiega	ripiega
ripiega	rock
rock	rock
ripiega	ripiega
capirla	capirla
applausi	applausi
favolose	ripiega
applausi	applausi
gesù	gesù
rock	rock
rock	rock
ripiega	applausi
tandem....	tandem....
gesù	ripiega
ripiega	ripiega
rock	rock
(+)	(+)
ripiega	ripiega
ripiega	rock
abbracciamo	ripiega
ripiega	ripiega
(+)	(+)
favolose	applausi
applausi	rock
favolose	favolose
(+)	(+)
applausi	applausi
applausi	rock
(+)	applausi
ripiega	rock
applausi	applausi
ripiega	applausi
tandem....	tandem....
chissà,	applausi
favolose	gesù
chissà,	rock
favolose	favolose
rock	rock
rock	rock
favolose	ripiega
capirla	capirla
applausi	(+)
abbracciamo	ripiega
ripiega	applausi
applausi	favolose
abbracciamo	ripiega
ripiega	ripiega
ripiega	rock
(+)	(+)
rock	rock
applausi	favolose
rock	rock
ripiega	ripiega
gesù	ripiega
ripiega	ripiega
capirla	(+)
rock	rock
rock	gesù
ripiega	ripiega
rock	rock
gesù	ripiega
(+)	(+)
chissà,	chissà,
rock	rock
applausi	applausi
rock	ripiega
(+)	applausi
ripiega	ripiega
applausi	favolose
favolose	favolose
favolose	favolose
applausi	ripiega
(+)	applausi
(+)	applausi
ripiega	ripiega
rock	rock
ripiega	ripiega
applausi	applausi
rock	rock
tandem....	tandem....
rock	rock
rock	rock
ripiega	ripiega
rock	rock
applausi	applausi
applausi	applausi
abbracciamo	ripiega
applausi	rock
rock	rock
applausi	rock
applausi	applausi
applausi	applausi
favolose	favolose
applausi	applausi
ripiega	ripiega
rock	(+)
applausi	ripiega
(+)	rock
rock	ripiega
ripiega	ripiega
applausi	ripiega
(+)	(+)
ripiega	ripiega
rock	rock
chissà,	rock
ripiega	ripiega
rock	rock
rock	rock
capirla	gesù
ripiega	ripiega
(+)	(+)
rock	rock
favolose	ripiega
favolose	applausi
applausi	applausi
rock	ripiega
applausi	applausi
rock	rock
applausi	applausi
applausi	applausi
applausi	applausi
applausi	tandem....
favolose	favolose
tandem....	tandem....
favolose	favolose
applausi	applausi
applausi	applausi
applausi	applausi
capirla	capirla
applausi	applausi
applausi	applausi
applausi	ripiega
rock	rock
applausi	applausi
applausi	ripiega
applausi	applausi
applausi	applausi
applausi	applausi
ripiega	applausi
rock	rock
abbracciamo	gesù
tandem....	favolose
(+)	(+)
favolose	favolose
ripiega	ripiega
ripiega	ripiega
rock	rock
applausi	applausi
favolose	gesù
rock	rock
rock	rock
rock	rock
capirla	capirla
gesù	gesù
(+)	(+)
rock	rock
ripiega	ripiega
ripiega	ripiega
applausi	applausi
(+)	favolose
rock	rock
rock	rock
applausi	applausi
applausi	applausi
ripiega	ripiega
applausi	ripiega
(+)	(+)
rock	ripiega
rock	rock
abbracciamo	ripiega
chissà,	rock
ripiega	ripiega
gesù	gesù
applausi	applausi
rock	rock
rock	rock
rock	rock
ripiega	ripiega
rock	rock
ripiega	rock
ripiega	ripiega
ripiega	ripiega
rock	rock
(+)	rock
(+)	(+)
(+)	ripiega
applausi	applausi
favolose	capirla
favolose	favolose
ripiega	applausi
ripiega	applausi
gesù	applausi
applausi	applausi
applausi	favolose
favolose	favolose
ripiega	ripiega
abbracciamo	ripiega
favolose	ripiega
rock	rock
applausi	(+)
favolose	favolose
ripiega	ripiega
rock	(+)
favolose	gesù
gesù	applausi
gesù	applausi
ripiega	ripiega
gesù	gesù
rock	(+)
ripiega	gesù
capirla	capirla
applausi	ripiega
applausi	applausi
ripiega	applausi
applausi	applausi
gesù	applausi
rock	rock
rock	rock
ripiega	ripiega
ripiega	ripiega
ripiega	favolose
applausi	applausi
applausi	applausi
applausi	applausi
favolose	tandem....
abbracciamo	ripiega
applausi	capirla
rock	rock
applausi	applausi
applausi	applausi
gesù	gesù
(+)	rock
applausi	applausi
applausi	applausi
tandem....	tandem....
ripiega	ripiega
ripiega	ripiega
favolose	favolose
rock	rock
ripiega	applausi
applausi	applausi
applausi	ripiega
applausi	applausi
rock	rock
(+)	(+)
chissà,	chissà,
ripiega	ripiega
rock	rock
gesù	gesù
favolose	favolose
(+)	applausi
rock	rock
abbracciamo	ripiega
(+)	(+)
rock	rock
applausi	applausi
rock	rock
applausi	applausi
gesù	ripiega
chissà,	applausi
gesù	ripiega
ripiega	ripiega
favolose	favolose
rock	rock
applausi	applausi
ripiega	applausi
rock	rock
applausi	applausi
favolose	favolose
gesù	gesù
ripiega	ripiega
rock	rock
ripiega	applausi
applausi	applausi
applausi	applausi
ripiega	ripiega
rock	rock
rock	(+)
applausi	applausi
rock	rock
rock	rock
ripiega	applausi
abbracciamo	ripiega
ripiega	favolose
ripiega	gesù
capirla	favolose
applausi	ripiega
capirla	applausi
applausi	applausi
tandem....	tandem....
rock	applausi
ripiega	ripiega
applausi	applausi
abbracciamo	ripiega
favolose	applausi
ripiega	ripiega
tandem....	tandem....
applausi	applausi
gesù	gesù
tandem....	rock
applausi	ripiega
ripiega	rock
rock	rock
(+)	(+)
applausi	applausi
ripiega	ripiega
abbracciamo	applausi
favolose	favolose
applausi	ripiega
favolose	rock
rock	applausi
favolose	applausi
applausi	applausi
abbracciamo	ripiega
ripiega	ripiega
(+)	(+)
rock	rock
applausi	applausi
applausi	ripiega
rock	rock
gesù	ripiega
ripiega	ripiega
gesù	gesù
rock	rock
applausi	applausi
rock	rock
rock	rock
ripiega	ripiega
ripiega	ripiega
applausi	ripiega
applausi	applausi
(+)	(+)
gesù	gesù
rock	applausi
rock	rock
rock	rock
applausi	applausi
(+)	(+)
rock	rock
chissà,	(+)
applausi	applausi
ripiega	ripiega
rock	rock
tandem....	tandem....
applausi	applausi
applausi	applausi
(+)	ripiega
(+)	applausi
applausi	applausi
abbracciamo	ripiega
rock	rock
(+)	(+)
rock	rock
applausi	applausi
(+)	ripiega
ripiega	ripiega
rock	rock
tandem....	applausi
rock	favolose
rock	rock
gesù	gesù
ripiega	ripiega
applausi	applausi
gesù	favolose
favolose	favolose
applausi	applausi
ripiega	ripiega
gesù	gesù
ripiega	gesù
(+)	(+)
ripiega	applausi
ripiega	ripiega
abbracciamo	ripiega
rock	rock
ripiega	ripiega
abbracciamo	gesù
chissà,	applausi
ripiega	gesù
applausi	applausi
ripiega	ripiega
applausi	applausi
gesù	gesù
ripiega	ripiega
rock	rock
rock	rock
applausi	applausi
applausi	applausi
abbracciamo	ripiega
applausi	applausi
rock	(+)
applausi	applausi
rock	rock
abbracciamo	ripiega
rock	rock
abbracciamo	ripiega
(+)	rock
ripiega	ripiega
rock	rock
applausi	applausi
rock	rock
rock	rock
abbracciamo	applausi
applausi	applausi
(+)	(+)
favolose	favolose
ripiega	applausi
rock	rock
rock	rock
ripiega	ripiega
gesù	gesù
capirla	applausi
applausi	applausi
gesù	gesù
gesù	ripiega
tandem....	tandem....
(+)	applausi
chissà,	rock
applausi	applausi
ripiega	ripiega
applausi	applausi
applausi	applausi
rock	rock
applausi	applausi
rock	ripiega
applausi	applausi
applausi	applausi
applausi	favolose
favolose	ripiega
favolose	favolose
(+)	(+)
rock	ripiega
applausi	applausi
applausi	applausi
tandem....	(+)
applausi	applausi
(+)	ripiega
ripiega	ripiega
applausi	applausi
rock	rock
favolose	applausi
ripiega	ripiega
gesù	favolose
applausi	applausi
rock	rock
gesù	gesù
applausi	gesù
(+)	rock
ripiega	ripiega
chissà,	rock
gesù	ripiega
(+)	(+)
applausi	ripiega
rock	rock
gesù	gesù
abbracciamo	ripiega
applausi	applausi
applausi	applausi
rock	rock
applausi	gesù
applausi	applausi
rock	rock
applausi	rock
abbracciamo	ripiega
rock	applausi
abbracciamo	abbracciamo
rock	rock
ripiega	ripiega
applausi	applausi
(+)	(+)
(+)	(+)
applausi	applausi
gesù	gesù
applausi	applausi
applausi	applausi
applausi	applausi
favolose	favolose
chissà,	chissà,
favolose	favolose
ripiega	ripiega
favolose	favolose
rock	(+)
rock	rock
capirla	capirla
ripiega	ripiega
ripiega	ripiega
gesù	gesù
rock	ripiega
applausi	applausi
rock	rock
rock	rock
gesù	gesù
capirla	applausi
applausi	applausi
rock	rock
ripiega	ripiega
applausi	applausi
applausi	applausi
ripiega	ripiega
ripiega	favolose
applausi	applausi
chissà,	chissà,
(+)	tandem....
applausi	applausi
ripiega	ripiega
ripiega	ripiega
chissà,	rock
ripiega	ripiega
rock	rock
applausi	applausi
gesù	gesù
ripiega	ripiega
rock	rock
gesù	gesù
favolose	gesù
favolose	favolose
applausi	ripiega
(+)	(+)
rock	rock
favolose	favolose
favolose	rock
ripiega	applausi
ripiega	ripiega
gesù	gesù
applausi	rock
favolose	favolose
rock	applausi
ripiega	ripiega
rock	rock
ripiega	ripiega
tandem....	favolose
rock	favolose
ripiega	ripiega
ripiega	ripiega
applausi	applausi
ripiega	ripiega
gesù	rock
applausi	ripiega
tandem....	ripiega
rock	applausi
applausi	rock
favolose	applausi
(+)	(+)
ripiega	ripiega
rock	rock
ripiega	ripiega
rock	rock
rock	rock
ripiega	ripiega
rock	rock
rock	rock
rock	rock
capirla	ripiega
tandem....	rock
ripiega	ripiega
ripiega	ripiega
(+)	applausi
rock	rock
ripiega	ripiega
tandem....	favolose
ripiega	ripiega
favolose	applausi
favolose	favolose
rock	rock
gesù	gesù
gesù	ripiega
gesù	gesù
rock	rock
ripiega	ripiega
ripiega	ripiega
favolose	favolose
rock	favolose
favolose	favolose
rock	rock
tandem....	tandem....
tandem....	tandem....
(+)	rock
(+)	(+)
ripiega	ripiega
chissà,	applausi
applausi	applausi
rock	rock
applausi	applausi
applausi	applausi
applausi	applausi
rock	rock
applausi	(+)
ripiega	applausi
ripiega	ripiega
rock	rock
chissà,	ripiega
applausi	applausi
applausi	ripiega
applausi	applausi
rock	rock
applausi	applausi
applausi	applausi
ripiega	ripiega
applausi	applausi
ripiega	ripiega
(+)	rock
rock	capirla
ripiega	ripiega
tandem....	tandem....
rock	rock
rock	ripiega
applausi	applausi
applausi	ripiega
(+)	applausi
rock	rock
favolose	favolose
tandem....	tandem....
rock	rock
applausi	(+)
applausi	applausi
rock	rock
abbracciamo	favolose
favolose	favolose
applausi	applausi
rock	applausi
chissà,	rock
favolose	favolose
ripiega	ripiega
ripiega	ripiega
favolose	favolose
favolose	favolose
applausi	capirla
ripiega	ripiega
ripiega	applausi
rock	capirla
